{
    "full_text_aggregation": 0.3439609919584069,
    "min_first_second_aggregation": 0.2808995908184081
}