{
    "full_text_aggregation": 0.3149216302194213,
    "min_first_second_aggregation": 0.27667347904124107
}