{
    "full_text_aggregation": 0.2898115252913031,
    "min_first_second_aggregation": 0.2579204999879179
}