{
    "full_text_aggregation": 0.3279460923209629,
    "min_first_second_aggregation": 0.26377176025918886
}