{
    "full_text_aggregation": 0.3180578907732789,
    "min_first_second_aggregation": 0.2787852999547888
}