{
    "full_text_aggregation": 0.2972140662706772,
    "min_first_second_aggregation": 0.2630756747849444
}