{
    "full_text_aggregation": 0.33871348305615184,
    "min_first_second_aggregation": 0.2693392279168779
}